{"cameraMode":{"drawMode":0,"name":"Shaded","section":"Shading Mode"},"sceneLighting":true,"audioPlay":false,"sceneViewState":{"m_AlwaysRefresh":false,"showFog":true,"showSkybox":true,"showFlares":true,"showImageEffects":true,"showParticleSystems":true,"showVisualEffectGraphs":true,"m_FxEnabled":true},"in2DMode":false,"pivot":{"x":-22.131668090820314,"y":1.5107855796813965,"z":-21.24355125427246},"rotation":{"x":-0.1955326497554779,"y":0.008261043578386307,"z":-0.0015932518290355802,"w":-0.980628252029419},"size":1.2247449159622193,"orthographic":false}