{"cameraMode":{"drawMode":0,"name":"Shaded","section":"Shading Mode"},"sceneLighting":true,"audioPlay":false,"sceneViewState":{"m_AlwaysRefresh":false,"showFog":true,"showSkybox":true,"showFlares":true,"showImageEffects":true,"showParticleSystems":true,"showVisualEffectGraphs":true,"m_FxEnabled":true},"in2DMode":false,"pivot":{"x":-15.175013542175293,"y":18.941974639892579,"z":-15.311592102050782},"rotation":{"x":0.4981063902378082,"y":0.13797518610954286,"z":-0.08064115047454834,"w":0.8522821068763733},"size":3.2435407638549806,"orthographic":false}